account_id,transaction_type,transaction_amount,transaction_date
70,Credit,564.78,2024-09-29 10:11:39.037889
172,Credit,950.58,2024-11-01 10:11:39.037889
42,Credit,67.31,2024-10-07 10:11:39.037889
35,Credit,352.3,2024-09-19 10:11:39.037889
19,Credit,4185.79,2024-09-25 10:11:39.037889
1,Credit,784.32,2024-09-24 10:11:39.037889
2,Credit,715.28,2024-09-05 10:11:39.037889
118,Credit,1219.14,2024-10-26 10:11:39.037889
19,Credit,1710.62,2024-10-10 10:11:39.037889
179,Credit,3354.18,2024-10-18 10:11:39.037889
48,Credit,4418.05,2024-10-26 10:11:39.037889
4,Credit,1260.29,2024-10-06 10:11:39.037889
139,Credit,125.16,2024-10-30 10:11:39.037889
32,Credit,4529.21,2024-10-19 10:11:39.037889
155,Credit,3612.62,2024-10-07 10:11:39.037889
188,Credit,2908.42,2024-10-30 10:11:39.037889
162,Credit,2374.33,2024-10-21 10:11:39.037889
26,Credit,3033.38,2024-10-31 10:11:39.037889
62,Credit,4821.88,2024-10-29 10:11:39.037889
155,Credit,3650.59,2024-09-13 10:11:39.037889
129,Credit,1743.09,2024-11-01 10:11:39.037889
152,Credit,4432.89,2024-10-21 10:11:39.037889
73,Credit,2273.17,2024-10-16 10:11:39.037889
41,Credit,3578.57,2024-09-16 10:11:39.037889
125,Credit,2690.85,2024-09-30 10:11:39.037889
165,Credit,1276.96,2024-10-02 10:11:39.037889
77,Credit,2318.17,2024-10-16 10:11:39.037889
2,Credit,2570.25,2024-09-11 10:11:39.037889
2,Credit,3428.71,2024-10-21 10:11:39.037889
198,Credit,2863.96,2024-10-18 10:11:39.037889
26,Credit,2763.47,2024-10-09 10:11:39.037889
110,Credit,1276.03,2024-10-19 10:11:39.037889
135,Credit,3413.21,2024-10-23 10:11:39.037889
194,Credit,4178.25,2024-10-25 10:11:39.037889
126,Credit,1418.09,2024-10-09 10:11:39.037889
131,Credit,2986.99,2024-10-26 10:11:39.037889
77,Credit,3142.49,2024-10-05 10:11:39.037889
130,Credit,4781.02,2024-11-03 10:11:39.037889
137,Credit,4866.43,2024-10-10 10:11:39.037889
51,Credit,1727.61,2024-09-19 10:11:39.037889
27,Credit,2637.34,2024-10-26 10:11:39.037889
38,Credit,4801.49,2024-09-18 10:11:39.037889
94,Credit,1506.77,2024-10-01 10:11:39.037889
100,Credit,3792.86,2024-10-23 10:11:39.037889
12,Credit,3430.1,2024-09-08 10:11:39.037889
115,Credit,2474.59,2024-10-15 10:11:39.037889
9,Credit,3568.71,2024-10-26 10:11:39.037889
152,Credit,1967.59,2024-10-10 10:11:39.037889
75,Credit,4973.01,2024-09-27 10:11:39.037889
131,Credit,1407.48,2024-11-03 10:11:39.037889
181,Credit,3130.07,2024-10-20 10:11:39.037889
46,Credit,4810.59,2024-09-12 10:11:39.037889
154,Credit,2300.94,2024-10-15 10:11:39.037889
30,Credit,1414.77,2024-11-03 10:11:39.037889
93,Credit,2134.99,2024-09-16 10:11:39.037889
41,Credit,2354.2,2024-11-01 10:11:39.037889
85,Credit,2263.12,2024-10-07 10:11:39.037889
83,Credit,4441.34,2024-09-26 10:11:39.037889
171,Credit,2283.09,2024-10-03 10:11:39.037889
29,Credit,2742.49,2024-09-13 10:11:39.037889
116,Credit,1876.03,2024-09-26 10:11:39.037889
37,Credit,261.17,2024-09-20 10:11:39.037889
54,Credit,1658.49,2024-09-25 10:11:39.037889
42,Credit,4400.52,2024-11-02 10:11:39.037889
19,Credit,571.44,2024-09-25 10:11:39.037889
153,Credit,4700.47,2024-09-18 10:11:39.037889
168,Credit,2645.1,2024-09-14 10:11:39.037889
180,Credit,3220.93,2024-10-05 10:11:39.037889
190,Credit,2169.7,2024-10-14 10:11:39.037889
26,Credit,838.97,2024-10-14 10:11:39.037889
89,Credit,182.49,2024-10-13 10:11:39.037889
184,Credit,977.91,2024-09-20 10:11:39.037889
29,Credit,710.33,2024-10-14 10:11:39.037889
2,Credit,4886.77,2024-10-28 10:11:39.037889
57,Credit,1876.36,2024-09-23 10:11:39.037889
164,Credit,165.5,2024-09-25 10:11:39.037889
53,Credit,4713.58,2024-09-06 10:11:39.037889
4,Credit,4416.88,2024-10-05 10:11:39.037889
11,Credit,1333.45,2024-10-22 10:11:39.037889
4,Credit,1457.52,2024-11-02 10:11:39.037889
115,Credit,1956.43,2024-09-21 10:11:39.037889
51,Credit,69.28,2024-10-15 10:11:39.037889
126,Credit,3198.05,2024-09-22 10:11:39.037889
194,Credit,4253.79,2024-10-05 10:11:39.037889
101,Credit,1056.57,2024-09-21 10:11:39.037889
90,Credit,2670.31,2024-10-12 10:11:39.037889
32,Credit,349.94,2024-10-15 10:11:39.037889
10,Credit,3315.29,2024-09-28 10:11:39.037889
20,Credit,2344.65,2024-11-02 10:11:39.037889
71,Credit,3290.92,2024-10-12 10:11:39.037889
132,Credit,2986.59,2024-10-08 10:11:39.037889
51,Credit,592.97,2024-09-23 10:11:39.037889
193,Credit,3218.11,2024-10-07 10:11:39.037889
111,Credit,2798.51,2024-10-04 10:11:39.037889
114,Credit,124.88,2024-10-23 10:11:39.037889
97,Credit,2390.93,2024-10-24 10:11:39.037889
114,Credit,189.9,2024-09-10 10:11:39.037889
193,Credit,3199.12,2024-09-24 10:11:39.037889
103,Credit,1365.35,2024-09-21 10:11:39.037889
103,Credit,2887.33,2024-10-23 10:11:39.037889
86,Credit,3735.59,2024-09-10 10:11:39.037889
198,Credit,1974.22,2024-10-30 10:11:39.037889
182,Credit,1161.23,2024-10-19 10:11:39.037889
200,Credit,1286.23,2024-10-16 10:11:39.037889
124,Credit,3135.81,2024-10-18 10:11:39.037889
147,Credit,2615.75,2024-10-14 10:11:39.037889
131,Credit,3242.23,2024-11-02 10:11:39.037889
81,Credit,1851.17,2024-10-08 10:11:39.037889
153,Credit,3084.63,2024-09-09 10:11:39.037889
82,Credit,2534.22,2024-10-21 10:11:39.037889
107,Credit,1771.52,2024-09-11 10:11:39.037889
74,Credit,3422.39,2024-09-29 10:11:39.037889
39,Credit,1500.7,2024-11-03 10:11:39.037889
98,Credit,2242.9,2024-10-09 10:11:39.037889
103,Credit,4234.58,2024-10-31 10:11:39.037889
135,Credit,4632.23,2024-10-13 10:11:39.037889
103,Credit,2916.13,2024-10-09 10:11:39.037889
107,Credit,508.14,2024-10-04 10:11:39.037889
41,Credit,4017.49,2024-09-19 10:11:39.037889
91,Credit,4001.69,2024-10-10 10:11:39.037889
188,Credit,326.97,2024-09-15 10:11:39.037889
26,Credit,1002.67,2024-09-12 10:11:39.037889
32,Credit,4587.87,2024-10-19 10:11:39.037889
68,Credit,1553.48,2024-10-27 10:11:39.037889
31,Credit,4266.32,2024-09-24 10:11:39.037889
61,Credit,3866.32,2024-10-20 10:11:39.037889
162,Credit,4163.78,2024-10-08 10:11:39.037889
62,Credit,4989.04,2024-09-05 10:11:39.037889
65,Credit,2178.49,2024-10-23 10:11:39.037889
17,Credit,4805.01,2024-09-07 10:11:39.037889
29,Credit,3768.44,2024-10-17 10:11:39.037889
180,Credit,773.66,2024-09-22 10:11:39.037889
100,Credit,4596.89,2024-09-25 10:11:39.037889
30,Credit,332.13,2024-10-13 10:11:39.037889
179,Credit,3010.84,2024-10-25 10:11:39.037889
91,Credit,2017.55,2024-10-03 10:11:39.037889
174,Credit,4583.88,2024-09-14 10:11:39.037889
198,Credit,2750.63,2024-09-22 10:11:39.037889
2,Credit,1158.47,2024-10-10 10:11:39.037889
128,Credit,3812.94,2024-09-17 10:11:39.037889
178,Credit,4406.32,2024-09-14 10:11:39.037889
72,Credit,4160.34,2024-10-21 10:11:39.037889
38,Credit,4777.67,2024-09-22 10:11:39.037889
38,Credit,4226.97,2024-11-01 10:11:39.037889
162,Credit,4459.97,2024-09-13 10:11:39.037889
115,Credit,3115.08,2024-10-22 10:11:39.037889
75,Credit,4904.84,2024-10-19 10:11:39.037889
73,Credit,257.61,2024-09-29 10:11:39.037889
188,Credit,4925.63,2024-11-02 10:11:39.037889
41,Credit,1309.22,2024-09-19 10:11:39.037889
83,Credit,4829.38,2024-10-31 10:11:39.037889
86,Credit,4313.59,2024-09-24 10:11:39.037889
155,Credit,3604.78,2024-10-26 10:11:39.037889
95,Credit,1356.2,2024-10-31 10:11:39.037889
6,Credit,543.67,2024-10-24 10:11:39.037889
112,Credit,1915.88,2024-10-05 10:11:39.037889
4,Credit,496.03,2024-10-01 10:11:39.037889
34,Credit,3462.86,2024-09-18 10:11:39.037889
107,Credit,687.36,2024-09-18 10:11:39.037889
132,Credit,2863.68,2024-09-16 10:11:39.037889
166,Credit,540.76,2024-09-18 10:11:39.037889
106,Credit,1870.95,2024-10-16 10:11:39.037889
162,Credit,1120.07,2024-10-25 10:11:39.037889
5,Credit,993.48,2024-09-14 10:11:39.037889
75,Credit,1917.32,2024-09-11 10:11:39.037889
152,Credit,1661.07,2024-09-30 10:11:39.037889
7,Credit,1147.58,2024-09-22 10:11:39.037889
1,Credit,1514.73,2024-09-30 10:11:39.037889
95,Credit,1699.69,2024-09-12 10:11:39.037889
174,Credit,3518.71,2024-10-16 10:11:39.037889
117,Credit,1930.79,2024-11-03 10:11:39.037889
16,Credit,2804.0,2024-10-15 10:11:39.037889
145,Credit,423.36,2024-09-23 10:11:39.037889
115,Credit,3928.54,2024-10-22 10:11:39.037889
166,Credit,4761.81,2024-11-01 10:11:39.037889
182,Credit,3679.26,2024-10-19 10:11:39.037889
148,Credit,3439.24,2024-09-19 10:11:39.037889
52,Credit,2932.54,2024-09-26 10:11:39.037889
97,Credit,4268.64,2024-10-17 10:11:39.037889
16,Credit,3853.8,2024-10-12 10:11:39.037889
179,Credit,1402.97,2024-10-27 10:11:39.037889
134,Credit,4636.33,2024-11-01 10:11:39.037889
167,Credit,4295.89,2024-10-25 10:11:39.037889
87,Credit,3466.43,2024-10-14 10:11:39.037889
172,Credit,1963.91,2024-10-04 10:11:39.037889
91,Credit,4214.68,2024-09-05 10:11:39.037889
184,Credit,3467.34,2024-11-01 10:11:39.037889
98,Credit,4524.22,2024-09-30 10:11:39.037889
100,Credit,4692.81,2024-10-16 10:11:39.037889
160,Credit,2596.99,2024-10-26 10:11:39.037889
197,Credit,932.05,2024-09-16 10:11:39.037889
105,Credit,2970.95,2024-10-21 10:11:39.037889
103,Credit,3451.86,2024-10-27 10:11:39.037889
94,Credit,2308.09,2024-10-08 10:11:39.037889
33,Credit,699.97,2024-10-25 10:11:39.037889
81,Credit,885.12,2024-09-17 10:11:39.037889
49,Credit,20.77,2024-09-28 10:11:39.037889
126,Credit,2895.38,2024-11-02 10:11:39.037889
100,Credit,118.75,2024-09-17 10:11:39.037889
72,Credit,4464.45,2024-09-08 10:11:39.037889
61,Credit,2350.9,2024-09-23 10:11:39.037889
141,Credit,1311.08,2024-09-23 10:11:39.037889
8,Credit,25.72,2024-09-07 10:11:39.037889
128,Credit,971.06,2024-09-17 10:11:39.037889
11,Credit,1918.27,2024-10-02 10:11:39.037889
120,Credit,1973.44,2024-09-29 10:11:39.037889
26,Credit,879.57,2024-10-16 10:11:39.037889
185,Credit,4527.03,2024-09-29 10:11:39.037889
55,Credit,297.21,2024-09-09 10:11:39.037889
22,Credit,4633.36,2024-10-26 10:11:39.037889
155,Credit,406.22,2024-10-26 10:11:39.037889
198,Credit,2067.62,2024-09-05 10:11:39.037889
1,Credit,797.0,2024-09-16 10:11:39.037889
116,Credit,1236.14,2024-10-22 10:11:39.037889
12,Credit,4402.82,2024-09-30 10:11:39.037889
179,Credit,4445.1,2024-10-08 10:11:39.037889
127,Credit,2191.04,2024-10-06 10:11:39.037889
109,Credit,3384.98,2024-09-05 10:11:39.037889
82,Credit,3720.14,2024-09-24 10:11:39.037889
161,Credit,4750.03,2024-11-03 10:11:39.037889
33,Credit,2835.76,2024-09-07 10:11:39.037889
175,Credit,2733.09,2024-10-22 10:11:39.037889
146,Credit,2418.79,2024-10-10 10:11:39.037889
92,Credit,1999.06,2024-09-18 10:11:39.037889
158,Credit,4618.77,2024-11-03 10:11:39.037889
24,Credit,4687.95,2024-09-10 10:11:39.037889
193,Credit,366.37,2024-09-28 10:11:39.037889
60,Credit,4549.2,2024-09-26 10:11:39.037889
98,Credit,4564.01,2024-09-23 10:11:39.037889
159,Credit,908.67,2024-10-09 10:11:39.037889
143,Credit,2320.5,2024-09-14 10:11:39.037889
144,Credit,1749.75,2024-09-10 10:11:39.037889
84,Credit,400.64,2024-09-20 10:11:39.037889
38,Credit,977.33,2024-09-24 10:11:39.037889
103,Credit,2586.0,2024-09-06 10:11:39.037889
75,Credit,4009.26,2024-09-07 10:11:39.037889
188,Credit,471.35,2024-09-07 10:11:39.037889
58,Credit,595.58,2024-10-23 10:11:39.037889
61,Credit,267.03,2024-10-27 10:11:39.037889
158,Credit,3687.17,2024-10-11 10:11:39.037889
91,Credit,868.56,2024-09-21 10:11:39.037889
144,Credit,4784.99,2024-10-10 10:11:39.037889
67,Credit,4836.12,2024-09-30 10:11:39.037889
133,Credit,1863.6,2024-09-23 10:11:39.037889
17,Credit,3667.8,2024-11-03 10:11:39.037889
114,Credit,2541.03,2024-09-23 10:11:39.037889
163,Credit,2856.89,2024-09-08 10:11:39.037889
84,Credit,3820.68,2024-10-03 10:11:39.037889
104,Credit,3974.84,2024-09-10 10:11:39.037889
7,Credit,2956.62,2024-10-26 10:11:39.037889
198,Credit,2561.94,2024-09-22 10:11:39.037889
18,Credit,4609.68,2024-09-08 10:11:39.037889
197,Credit,2431.72,2024-10-18 10:11:39.037889
52,Credit,4398.94,2024-10-12 10:11:39.037889
74,Credit,2952.66,2024-10-07 10:11:39.037889
162,Credit,997.74,2024-11-03 10:11:39.037889
128,Credit,4164.42,2024-09-26 10:11:39.037889
176,Credit,3902.16,2024-10-23 10:11:39.037889
85,Credit,297.93,2024-10-26 10:11:39.037889
40,Credit,3309.65,2024-10-21 10:11:39.037889
110,Credit,1693.3,2024-09-23 10:11:39.037889
200,Credit,3299.19,2024-10-04 10:11:39.037889
182,Credit,314.3,2024-09-08 10:11:39.037889
81,Credit,2230.9,2024-09-15 10:11:39.037889
193,Credit,3956.03,2024-10-20 10:11:39.037889
119,Credit,4740.0,2024-09-06 10:11:39.037889
60,Credit,4387.88,2024-09-09 10:11:39.037889
127,Credit,2686.66,2024-09-17 10:11:39.037889
110,Credit,746.59,2024-09-28 10:11:39.037889
196,Credit,4074.17,2024-09-21 10:11:39.037889
135,Credit,4110.86,2024-09-28 10:11:39.037889
84,Credit,4656.19,2024-09-10 10:11:39.037889
134,Credit,1672.7,2024-10-09 10:11:39.037889
29,Credit,1242.95,2024-09-05 10:11:39.037889
4,Credit,411.71,2024-09-22 10:11:39.037889
136,Credit,2469.05,2024-09-19 10:11:39.037889
51,Credit,4895.95,2024-10-26 10:11:39.037889
28,Credit,3186.69,2024-09-09 10:11:39.037889
24,Credit,2307.98,2024-10-10 10:11:39.037889
170,Credit,708.58,2024-10-12 10:11:39.037889
105,Credit,1937.74,2024-09-09 10:11:39.037889
40,Credit,2757.33,2024-09-20 10:11:39.037889
84,Credit,3056.68,2024-10-18 10:11:39.037889
121,Credit,3872.83,2024-09-05 10:11:39.037889
136,Credit,3915.09,2024-09-10 10:11:39.037889
11,Credit,4226.11,2024-10-24 10:11:39.037889
83,Credit,1731.61,2024-09-26 10:11:39.037889
68,Credit,1741.01,2024-10-27 10:11:39.037889
88,Credit,4804.01,2024-10-28 10:11:39.037889
179,Credit,4399.84,2024-10-24 10:11:39.037889
179,Credit,1595.68,2024-09-09 10:11:39.037889
5,Credit,3818.58,2024-11-03 10:11:39.037889
193,Credit,462.16,2024-09-20 10:11:39.037889
156,Credit,4412.09,2024-09-14 10:11:39.037889
114,Credit,4374.24,2024-09-21 10:11:39.037889
94,Credit,797.44,2024-10-30 10:11:39.037889
42,Credit,511.39,2024-10-07 10:11:39.037889
110,Credit,4443.56,2024-09-12 10:11:39.037889
117,Credit,2655.62,2024-10-10 10:11:39.037889
31,Credit,1978.94,2024-10-25 10:11:39.037889
52,Credit,1960.39,2024-11-02 10:11:39.037889
123,Credit,3715.64,2024-11-03 10:11:39.037889
152,Credit,3846.82,2024-09-14 10:11:39.037889
173,Credit,2427.96,2024-10-16 10:11:39.037889
4,Credit,4861.27,2024-09-24 10:11:39.037889
105,Credit,3660.39,2024-09-19 10:11:39.037889
87,Credit,1803.05,2024-10-30 10:11:39.037889
118,Credit,3316.9,2024-10-16 10:11:39.037889
139,Credit,3367.68,2024-10-31 10:11:39.037889
188,Credit,3843.98,2024-09-23 10:11:39.037889
55,Credit,1336.78,2024-09-05 10:11:39.037889
156,Credit,1944.49,2024-10-29 10:11:39.037889
116,Credit,1049.46,2024-09-12 10:11:39.037889
82,Credit,1480.2,2024-09-28 10:11:39.037889
16,Credit,2862.14,2024-10-13 10:11:39.037889
190,Credit,1755.79,2024-09-20 10:11:39.037889
142,Credit,930.05,2024-10-10 10:11:39.037889
14,Credit,4934.19,2024-10-28 10:11:39.037889
87,Credit,1022.39,2024-10-01 10:11:39.037889
68,Credit,3302.25,2024-10-26 10:11:39.037889
70,Credit,1847.87,2024-10-15 10:11:39.037889
142,Credit,1516.19,2024-09-25 10:11:39.037889
15,Credit,2173.87,2024-10-14 10:11:39.037889
58,Credit,1166.79,2024-09-08 10:11:39.037889
97,Credit,468.71,2024-10-21 10:11:39.037889
126,Credit,3283.0,2024-10-12 10:11:39.037889
154,Credit,3707.48,2024-10-31 10:11:39.037889
42,Credit,4680.78,2024-10-30 10:11:39.037889
17,Credit,1493.76,2024-09-17 10:11:39.037889
59,Credit,1785.43,2024-10-20 10:11:39.037889
53,Credit,4373.1,2024-10-26 10:11:39.037889
196,Credit,1334.36,2024-10-23 10:11:39.037889
56,Credit,2838.78,2024-10-24 10:11:39.037889
161,Credit,1611.52,2024-10-10 10:11:39.037889
21,Credit,887.92,2024-09-14 10:11:39.037889
122,Credit,3319.56,2024-09-28 10:11:39.037889
178,Credit,88.61,2024-09-08 10:11:39.037889
33,Credit,2646.55,2024-09-26 10:11:39.037889
47,Credit,1327.53,2024-09-08 10:11:39.037889
16,Credit,480.94,2024-09-09 10:11:39.037889
185,Credit,2893.28,2024-09-13 10:11:39.037889
52,Credit,2512.46,2024-09-21 10:11:39.037889
138,Credit,2782.81,2024-10-17 10:11:39.037889
95,Credit,3641.09,2024-09-21 10:11:39.037889
141,Credit,4169.06,2024-09-29 10:11:39.037889
170,Credit,313.58,2024-10-14 10:11:39.037889
103,Credit,143.24,2024-10-19 10:11:39.037889
199,Credit,146.02,2024-11-01 10:11:39.037889
73,Credit,3542.95,2024-10-01 10:11:39.037889
137,Credit,392.55,2024-10-30 10:11:39.037889
177,Credit,3842.64,2024-10-29 10:11:39.037889
61,Credit,3775.13,2024-10-03 10:11:39.037889
130,Credit,4717.75,2024-10-17 10:11:39.037889
140,Credit,4730.0,2024-09-20 10:11:39.037889
169,Credit,86.93,2024-10-22 10:11:39.037889
157,Credit,4463.24,2024-09-24 10:11:39.037889
181,Credit,2443.02,2024-10-17 10:11:39.037889
175,Credit,864.47,2024-10-01 10:11:39.037889
186,Credit,2905.41,2024-10-22 10:11:39.037889
67,Credit,494.56,2024-09-06 10:11:39.037889
150,Credit,4160.83,2024-10-04 10:11:39.037889
155,Credit,3392.97,2024-09-09 10:11:39.037889
32,Credit,4391.2,2024-10-16 10:11:39.037889
98,Credit,1609.27,2024-10-14 10:11:39.037889
188,Credit,163.34,2024-09-24 10:11:39.037889
156,Credit,4541.19,2024-10-22 10:11:39.037889
135,Credit,2719.96,2024-10-02 10:11:39.037889
38,Credit,3780.35,2024-09-08 10:11:39.037889
155,Credit,3629.48,2024-09-24 10:11:39.037889
187,Credit,1874.95,2024-09-08 10:11:39.037889
38,Credit,554.55,2024-10-24 10:11:39.037889
65,Credit,514.82,2024-09-10 10:11:39.037889
24,Credit,869.53,2024-10-18 10:11:39.037889
46,Credit,3826.13,2024-09-26 10:11:39.037889
19,Credit,3823.07,2024-10-13 10:11:39.037889
82,Credit,2221.29,2024-10-17 10:11:39.037889
41,Credit,2301.09,2024-09-09 10:11:39.037889
5,Credit,3974.12,2024-10-13 10:11:39.037889
17,Credit,1625.8,2024-09-10 10:11:39.037889
199,Credit,3064.92,2024-09-30 10:11:39.037889
126,Credit,3647.81,2024-09-23 10:11:39.037889
142,Credit,2080.91,2024-10-10 10:11:39.037889
56,Credit,271.43,2024-09-24 10:11:39.037889
143,Credit,1910.3,2024-10-14 10:11:39.037889
20,Credit,3693.84,2024-09-28 10:11:39.037889
48,Credit,3329.08,2024-09-17 10:11:39.037889
61,Credit,3110.62,2024-10-22 10:11:39.037889
40,Credit,1796.06,2024-09-21 10:11:39.037889
157,Credit,4905.76,2024-10-08 10:11:39.037889
91,Credit,3819.45,2024-11-01 10:11:39.037889
120,Credit,4239.12,2024-10-09 10:11:39.037889
47,Credit,3362.82,2024-10-07 10:11:39.037889
14,Credit,1795.72,2024-09-10 10:11:39.037889
128,Credit,1429.92,2024-10-03 10:11:39.037889
37,Credit,2647.93,2024-10-09 10:11:39.037889
184,Credit,614.78,2024-10-31 10:11:39.037889
64,Credit,3305.58,2024-09-24 10:11:39.037889
55,Credit,1694.16,2024-09-20 10:11:39.037889
149,Credit,3831.37,2024-09-16 10:11:39.037889
186,Credit,3000.29,2024-10-11 10:11:39.037889
21,Credit,2362.37,2024-09-09 10:11:39.037889
74,Credit,2151.14,2024-10-04 10:11:39.037889
25,Credit,3066.69,2024-09-13 10:11:39.037889
93,Credit,3319.7,2024-10-31 10:11:39.037889
65,Credit,1581.69,2024-09-08 10:11:39.037889
146,Credit,2345.11,2024-09-11 10:11:39.037889
170,Credit,3614.8,2024-10-29 10:11:39.037889
157,Credit,2881.35,2024-10-20 10:11:39.037889
142,Credit,4992.05,2024-10-11 10:11:39.037889
67,Credit,2757.06,2024-09-08 10:11:39.037889
125,Credit,798.01,2024-09-09 10:11:39.037889
112,Credit,3168.24,2024-09-20 10:11:39.037889
76,Credit,1494.87,2024-09-24 10:11:39.037889
97,Credit,1274.5,2024-10-22 10:11:39.037889
187,Credit,1850.33,2024-09-05 10:11:39.037889
102,Credit,2603.71,2024-09-05 10:11:39.037889
107,Credit,4058.02,2024-10-29 10:11:39.037889
124,Credit,3445.75,2024-11-01 10:11:39.037889
150,Credit,71.27,2024-09-09 10:11:39.037889
12,Credit,301.99,2024-09-22 10:11:39.037889
34,Credit,2028.39,2024-10-12 10:11:39.037889
50,Credit,3641.58,2024-09-18 10:11:39.037889
118,Credit,1704.35,2024-09-12 10:11:39.037889
147,Credit,3697.16,2024-09-18 10:11:39.037889
95,Credit,1293.95,2024-10-09 10:11:39.037889
127,Credit,2978.2,2024-09-09 10:11:39.037889
48,Credit,4109.89,2024-09-17 10:11:39.037889
20,Credit,2991.97,2024-09-27 10:11:39.037889
95,Credit,2104.95,2024-09-05 10:11:39.037889
124,Credit,2954.3,2024-10-11 10:11:39.037889
179,Credit,4064.88,2024-10-27 10:11:39.037889
134,Credit,1861.9,2024-11-01 10:11:39.037889
128,Credit,1096.88,2024-10-27 10:11:39.037889
145,Credit,2421.05,2024-10-27 10:11:39.037889
126,Credit,3527.01,2024-10-03 10:11:39.037889
197,Credit,3687.23,2024-09-09 10:11:39.037889
27,Credit,676.99,2024-10-11 10:11:39.037889
36,Credit,4074.68,2024-09-15 10:11:39.037889
2,Credit,4720.18,2024-10-01 10:11:39.037889
109,Credit,3495.81,2024-10-16 10:11:39.037889
28,Credit,1268.36,2024-10-23 10:11:39.037889
92,Credit,1515.32,2024-10-02 10:11:39.037889
146,Credit,4939.36,2024-09-22 10:11:39.037889
84,Credit,1986.69,2024-09-20 10:11:39.037889
93,Credit,1370.37,2024-10-18 10:11:39.037889
25,Credit,1688.52,2024-10-26 10:11:39.037889
16,Credit,4533.28,2024-10-20 10:11:39.037889
10,Credit,3427.24,2024-10-17 10:11:39.037889
199,Credit,920.79,2024-09-26 10:11:39.037889
86,Credit,1008.46,2024-11-03 10:11:39.037889
185,Credit,81.03,2024-10-12 10:11:39.037889
89,Credit,4135.77,2024-10-19 10:11:39.037889
14,Credit,843.8,2024-09-07 10:11:39.037889
57,Credit,2834.72,2024-10-07 10:11:39.037889
196,Credit,715.32,2024-09-19 10:11:39.037889
77,Credit,4009.48,2024-11-02 10:11:39.037889
69,Credit,1660.05,2024-09-05 10:11:39.037889
127,Credit,1161.32,2024-10-16 10:11:39.037889
176,Credit,809.95,2024-09-23 10:11:39.037889
36,Credit,1834.66,2024-09-21 10:11:39.037889
19,Credit,4458.65,2024-09-13 10:11:39.037889
25,Credit,1988.04,2024-10-26 10:11:39.037889
64,Credit,3005.75,2024-10-20 10:11:39.037889
178,Credit,4432.89,2024-09-19 10:11:39.037889
75,Credit,4377.78,2024-09-26 10:11:39.037889
92,Credit,1476.75,2024-10-08 10:11:39.037889
46,Credit,356.38,2024-10-24 10:11:39.037889
108,Credit,111.42,2024-09-19 10:11:39.037889
102,Credit,3816.15,2024-09-10 10:11:39.037889
55,Credit,3544.95,2024-11-02 10:11:39.037889
173,Credit,2971.42,2024-09-07 10:11:39.037889
120,Credit,4867.2,2024-09-07 10:11:39.037889
128,Credit,2880.53,2024-10-04 10:11:39.037889
187,Credit,907.65,2024-09-09 10:11:39.037889
52,Credit,1107.39,2024-09-12 10:11:39.037889
38,Credit,2869.6,2024-09-23 10:11:39.037889
70,Credit,1526.94,2024-09-30 10:11:39.037889
6,Credit,2075.11,2024-10-25 10:11:39.037889
5,Credit,2780.34,2024-09-16 10:11:39.037889
77,Credit,3185.11,2024-09-19 10:11:39.037889
3,Credit,2391.97,2024-10-23 10:11:39.037889
41,Credit,1684.79,2024-10-01 10:11:39.037889
83,Credit,1187.05,2024-09-28 10:11:39.037889
59,Credit,2379.3,2024-10-07 10:11:39.037889
175,Credit,2225.59,2024-10-01 10:11:39.037889
122,Credit,1691.31,2024-10-13 10:11:39.037889
58,Credit,3706.73,2024-09-12 10:11:39.037889
197,Credit,1512.64,2024-10-15 10:11:39.037889
38,Credit,4888.45,2024-10-31 10:11:39.037889
148,Credit,3695.54,2024-09-25 10:11:39.037889
80,Credit,2261.58,2024-09-28 10:11:39.037889
181,Credit,3460.1,2024-09-06 10:11:39.037889
21,Credit,2299.07,2024-10-22 10:11:39.037889
150,Credit,4708.33,2024-10-15 10:11:39.037889
92,Credit,1532.29,2024-10-22 10:11:39.037889
154,Credit,622.96,2024-09-27 10:11:39.037889
152,Credit,386.35,2024-11-03 10:11:39.037889
42,Credit,4705.53,2024-09-10 10:11:39.037889
17,Credit,4013.83,2024-10-09 10:11:39.037889
33,Credit,4596.59,2024-09-25 10:11:39.037889
184,Credit,2839.81,2024-09-14 10:11:39.037889
24,Credit,3098.7,2024-10-02 10:11:39.037889
152,Credit,2489.16,2024-10-18 10:11:39.037889
77,Credit,1832.59,2024-10-04 10:11:39.037889
89,Credit,3237.76,2024-11-01 10:11:39.037889
27,Credit,1456.03,2024-09-06 10:11:39.037889
56,Credit,3707.89,2024-10-14 10:11:39.037889
87,Credit,2537.09,2024-10-23 10:11:39.037889
58,Credit,4025.52,2024-09-12 10:11:39.037889
123,Credit,2053.33,2024-10-06 10:11:39.037889
114,Credit,868.94,2024-10-26 10:11:39.037889
121,Credit,3455.61,2024-10-15 10:11:39.037889
84,Credit,3944.41,2024-10-10 10:11:39.037889
117,Credit,2779.08,2024-09-13 10:11:39.037889
129,Credit,801.48,2024-10-10 10:11:39.037889
39,Credit,1153.49,2024-10-25 10:11:39.037889
125,Credit,4530.0,2024-10-09 10:11:39.037889
35,Credit,3918.61,2024-09-29 10:11:39.037889
177,Credit,851.96,2024-09-29 10:11:39.037889
43,Credit,1384.81,2024-10-29 10:11:39.037889
131,Credit,1351.53,2024-09-30 10:11:39.037889
124,Credit,4857.53,2024-09-27 10:11:39.037889
143,Credit,3563.6,2024-09-24 10:11:39.037889
54,Credit,2989.46,2024-09-13 10:11:39.037889
38,Credit,4974.5,2024-10-16 10:11:39.037889
20,Credit,4369.72,2024-10-24 10:11:39.037889
53,Credit,442.74,2024-09-06 10:11:39.037889
9,Credit,2073.63,2024-10-05 10:11:39.037889
104,Credit,450.7,2024-10-27 10:11:39.037889
199,Credit,1430.72,2024-10-03 10:11:39.037889
23,Credit,3736.54,2024-09-21 10:11:39.037889
23,Credit,1907.58,2024-09-18 10:11:39.037889
193,Credit,2748.84,2024-10-24 10:11:39.037889
40,Credit,1087.21,2024-10-19 10:11:39.037889
85,Credit,2396.81,2024-09-30 10:11:39.037889
2,Credit,3556.63,2024-09-06 10:11:39.037889
111,Credit,4576.82,2024-10-06 10:11:39.037889
101,Credit,853.53,2024-10-21 10:11:39.037889
183,Credit,124.4,2024-09-17 10:11:39.037889
30,Credit,3311.45,2024-11-02 10:11:39.037889
180,Credit,3523.74,2024-11-02 10:11:39.037889
192,Credit,3736.61,2024-10-02 10:11:39.037889
102,Credit,168.3,2024-11-02 10:11:39.037889
2,Credit,4848.43,2024-09-09 10:11:39.037889
77,Credit,1939.65,2024-09-30 10:11:39.037889
97,Credit,636.18,2024-11-03 10:11:39.037889
17,Credit,3017.46,2024-10-06 10:11:39.037889
179,Credit,737.9,2024-10-13 10:11:39.037889
107,Credit,3525.32,2024-10-10 10:11:39.037889
135,Credit,3643.97,2024-09-25 10:11:39.037889
57,Credit,3854.75,2024-10-04 10:11:39.037889
160,Credit,760.0,2024-10-13 10:11:39.037889
76,Credit,3573.34,2024-09-30 10:11:39.037889
145,Credit,2781.58,2024-09-08 10:11:39.037889
122,Credit,4917.01,2024-10-12 10:11:39.037889
41,Credit,705.89,2024-09-13 10:11:39.037889
163,Credit,2661.35,2024-10-25 10:11:39.037889
179,Credit,355.03,2024-09-15 10:11:39.037889
77,Credit,455.76,2024-09-25 10:11:39.037889
174,Credit,4834.95,2024-09-24 10:11:39.037889
111,Credit,3225.92,2024-10-30 10:11:39.037889
145,Credit,3555.29,2024-10-03 10:11:39.037889
67,Credit,4474.67,2024-10-14 10:11:39.037889
72,Credit,2556.85,2024-10-27 10:11:39.037889
23,Credit,3041.86,2024-09-11 10:11:39.037889
138,Credit,3975.01,2024-09-30 10:11:39.037889
36,Credit,2230.84,2024-10-15 10:11:39.037889
33,Credit,3321.01,2024-10-29 10:11:39.037889
40,Credit,98.72,2024-10-10 10:11:39.037889
103,Credit,3375.32,2024-10-14 10:11:39.037889
98,Credit,481.0,2024-10-23 10:11:39.037889
155,Credit,2704.28,2024-11-02 10:11:39.037889
27,Credit,2345.22,2024-09-19 10:11:39.037889
5,Credit,4376.19,2024-10-09 10:11:39.037889
7,Credit,127.9,2024-10-15 10:11:39.037889
60,Credit,1527.45,2024-09-09 10:11:39.037889
136,Credit,24.29,2024-09-06 10:11:39.037889
37,Credit,3069.1,2024-11-03 10:11:39.037889
76,Credit,1217.71,2024-10-18 10:11:39.037889
44,Credit,2438.77,2024-11-03 10:11:39.037889
107,Credit,3597.53,2024-09-06 10:11:39.037889
163,Credit,3462.65,2024-11-03 10:11:39.037889
32,Credit,2727.97,2024-10-31 10:11:39.037889
155,Credit,4296.96,2024-10-16 10:11:39.037889
7,Credit,319.54,2024-09-16 10:11:39.037889
111,Credit,2836.15,2024-10-24 10:11:39.037889
4,Credit,99.1,2024-10-30 10:11:39.037889
191,Credit,953.09,2024-11-01 10:11:39.037889
92,Credit,4621.39,2024-10-24 10:11:39.037889
1,Credit,4725.44,2024-09-15 10:11:39.037889
105,Credit,524.37,2024-10-16 10:11:39.037889
195,Credit,4969.3,2024-10-27 10:11:39.037889
78,Credit,121.83,2024-10-10 10:11:39.037889
96,Credit,1496.95,2024-09-15 10:11:39.037889
41,Credit,62.63,2024-10-19 10:11:39.037889
39,Credit,1148.11,2024-09-09 10:11:39.037889
87,Credit,4374.38,2024-10-29 10:11:39.037889
16,Credit,1553.23,2024-09-23 10:11:39.037889
34,Credit,637.6,2024-09-13 10:11:39.037889
177,Credit,2138.11,2024-10-06 10:11:39.037889
163,Credit,2696.25,2024-09-28 10:11:39.037889
32,Credit,3553.52,2024-09-29 10:11:39.037889
92,Credit,691.9,2024-10-06 10:11:39.037889
23,Credit,3228.93,2024-10-22 10:11:39.037889
15,Credit,2212.42,2024-09-16 10:11:39.037889
58,Credit,1331.88,2024-10-29 10:11:39.037889
198,Credit,2758.88,2024-10-15 10:11:39.037889
145,Credit,4589.42,2024-09-06 10:11:39.037889
178,Credit,697.33,2024-10-25 10:11:39.037889
138,Credit,201.72,2024-10-23 10:11:39.037889
89,Credit,4017.64,2024-09-10 10:11:39.037889
181,Credit,4530.58,2024-10-28 10:11:39.037889
90,Credit,1735.09,2024-10-14 10:11:39.037889
187,Credit,437.07,2024-09-13 10:11:39.037889
139,Credit,2919.01,2024-10-03 10:11:39.037889
193,Credit,1368.25,2024-09-30 10:11:39.037889
82,Credit,4872.42,2024-10-20 10:11:39.037889
134,Credit,2914.91,2024-10-16 10:11:39.037889
8,Credit,333.68,2024-09-22 10:11:39.037889
34,Credit,3396.29,2024-10-18 10:11:39.037889
123,Credit,698.62,2024-09-18 10:11:39.037889
71,Credit,2870.21,2024-10-11 10:11:39.037889
196,Credit,2015.81,2024-09-23 10:11:39.037889
115,Credit,2878.0,2024-10-26 10:11:39.037889
132,Credit,737.84,2024-10-30 10:11:39.037889
148,Credit,368.42,2024-10-19 10:11:39.037889
35,Credit,1811.45,2024-10-04 10:11:39.037889
186,Credit,1022.54,2024-10-12 10:11:39.037889
173,Credit,4066.45,2024-09-05 10:11:39.037889
63,Credit,3380.84,2024-10-05 10:11:39.037889
175,Credit,1829.72,2024-09-12 10:11:39.037889
47,Credit,3659.85,2024-09-29 10:11:39.037889
149,Credit,3215.48,2024-10-03 10:11:39.037889
18,Credit,785.77,2024-10-11 10:11:39.037889
9,Credit,1611.2,2024-10-19 10:11:39.037889
69,Credit,4077.77,2024-10-13 10:11:39.037889
162,Credit,2216.11,2024-09-27 10:11:39.037889
99,Credit,3158.29,2024-10-10 10:11:39.037889
122,Credit,2987.19,2024-10-13 10:11:39.037889
125,Credit,4921.99,2024-09-08 10:11:39.037889
11,Credit,1595.0,2024-10-05 10:11:39.037889
194,Credit,3947.4,2024-09-12 10:11:39.037889
142,Credit,1191.55,2024-09-23 10:11:39.037889
127,Credit,1538.13,2024-10-20 10:11:39.037889
65,Credit,3542.17,2024-10-28 10:11:39.037889
44,Credit,1581.02,2024-10-17 10:11:39.037889
180,Credit,4495.29,2024-10-29 10:11:39.037889
194,Credit,698.15,2024-09-12 10:11:39.037889
95,Credit,4886.34,2024-10-11 10:11:39.037889
99,Credit,4699.38,2024-09-10 10:11:39.037889
92,Credit,3232.72,2024-09-16 10:11:39.037889
130,Credit,3826.39,2024-10-25 10:11:39.037889
108,Credit,1239.13,2024-09-21 10:11:39.037889
119,Credit,846.61,2024-10-19 10:11:39.037889
193,Credit,123.01,2024-09-08 10:11:39.037889
182,Credit,1214.27,2024-10-09 10:11:39.037889
87,Credit,3964.19,2024-10-27 10:11:39.037889
19,Credit,844.8,2024-09-23 10:11:39.037889
100,Credit,1995.52,2024-10-04 10:11:39.037889
186,Credit,3771.21,2024-09-21 10:11:39.037889
71,Credit,3771.35,2024-09-17 10:11:39.037889
167,Credit,742.79,2024-10-14 10:11:39.037889
33,Credit,3928.61,2024-09-18 10:11:39.037889
90,Credit,25.97,2024-09-23 10:11:39.037889
99,Credit,1122.2,2024-09-26 10:11:39.037889
131,Credit,2458.49,2024-10-01 10:11:39.037889
180,Credit,1660.85,2024-09-07 10:11:39.037889
163,Credit,1985.33,2024-11-02 10:11:39.037889
191,Credit,2695.47,2024-10-01 10:11:39.037889
81,Credit,1734.94,2024-10-16 10:11:39.037889
194,Credit,363.27,2024-09-07 10:11:39.037889
107,Credit,4683.53,2024-09-11 10:11:39.037889
41,Credit,2670.84,2024-10-15 10:11:39.037889
89,Credit,3042.49,2024-10-04 10:11:39.037889
97,Credit,151.08,2024-09-30 10:11:39.037889
92,Credit,1153.27,2024-09-28 10:11:39.037889
104,Credit,1364.03,2024-10-19 10:11:39.037889
65,Credit,3012.31,2024-10-29 10:11:39.037889
26,Credit,2265.39,2024-09-13 10:11:39.037889
160,Credit,4931.04,2024-09-12 10:11:39.037889
40,Credit,3985.02,2024-10-25 10:11:39.037889
99,Credit,2423.2,2024-09-14 10:11:39.037889
107,Credit,3643.36,2024-10-23 10:11:39.037889
47,Credit,3671.65,2024-09-28 10:11:39.037889
88,Credit,4887.87,2024-10-17 10:11:39.037889
160,Credit,4573.76,2024-10-23 10:11:39.037889
144,Credit,4495.1,2024-10-29 10:11:39.037889
117,Credit,1143.48,2024-09-12 10:11:39.037889
59,Credit,1068.01,2024-10-19 10:11:39.037889
3,Credit,4061.58,2024-09-25 10:11:39.037889
72,Credit,1339.37,2024-10-22 10:11:39.037889
69,Credit,2382.7,2024-10-02 10:11:39.037889
167,Credit,666.96,2024-09-10 10:11:39.037889
166,Credit,1596.96,2024-09-21 10:11:39.037889
136,Credit,2140.96,2024-09-29 10:11:39.037889
45,Credit,2742.13,2024-09-28 10:11:39.037889
33,Credit,2362.68,2024-10-17 10:11:39.037889
69,Credit,2168.51,2024-10-16 10:11:39.037889
93,Credit,2752.22,2024-10-07 10:11:39.037889
158,Credit,2479.22,2024-10-11 10:11:39.037889
141,Credit,4728.06,2024-09-27 10:11:39.037889
59,Credit,165.23,2024-09-25 10:11:39.037889
51,Credit,3372.61,2024-09-21 10:11:39.037889
167,Credit,128.91,2024-09-18 10:11:39.037889
125,Credit,4083.95,2024-10-21 10:11:39.037889
117,Credit,359.15,2024-09-26 10:11:39.037889
157,Credit,609.11,2024-10-05 10:11:39.037889
47,Credit,3895.43,2024-09-22 10:11:39.037889
171,Credit,4994.42,2024-10-16 10:11:39.037889
109,Credit,4532.97,2024-10-17 10:11:39.037889
121,Credit,2817.78,2024-10-31 10:11:39.037889
51,Credit,4242.44,2024-11-02 10:11:39.037889
31,Credit,3078.17,2024-10-23 10:11:39.037889
39,Credit,4779.99,2024-09-09 10:11:39.037889
26,Credit,525.37,2024-10-13 10:11:39.037889
140,Credit,1138.03,2024-09-12 10:11:39.037889
98,Credit,2699.79,2024-09-12 10:11:39.037889
77,Credit,1466.1,2024-10-24 10:11:39.037889
78,Credit,2625.34,2024-10-07 10:11:39.037889
157,Credit,3377.06,2024-10-24 10:11:39.037889
117,Credit,4522.16,2024-10-03 10:11:39.037889
136,Credit,1215.94,2024-10-09 10:11:39.037889
140,Credit,2645.02,2024-09-05 10:11:39.037889
5,Credit,2417.62,2024-09-30 10:11:39.037889
33,Credit,4583.49,2024-09-27 10:11:39.037889
31,Credit,4835.19,2024-10-09 10:11:39.037889
68,Credit,111.93,2024-09-05 10:11:39.037889
55,Credit,2323.8,2024-09-19 10:11:39.037889
100,Credit,4567.63,2024-10-30 10:11:39.037889
15,Credit,1125.51,2024-09-21 10:11:39.037889
85,Credit,4090.28,2024-10-07 10:11:39.037889
192,Credit,4028.35,2024-10-02 10:11:39.037889
45,Credit,1762.17,2024-09-24 10:11:39.037889
131,Credit,1017.18,2024-09-21 10:11:39.037889
162,Credit,4016.14,2024-09-19 10:11:39.037889
81,Credit,4480.78,2024-09-25 10:11:39.037889
35,Credit,486.28,2024-09-17 10:11:39.037889
10,Credit,3690.45,2024-10-29 10:11:39.037889
191,Credit,1965.89,2024-10-17 10:11:39.037889
77,Credit,2078.39,2024-09-17 10:11:39.037889
40,Credit,3312.7,2024-10-29 10:11:39.037889
80,Credit,1620.68,2024-10-05 10:11:39.037889
130,Credit,1368.77,2024-10-09 10:11:39.037889
155,Credit,3642.48,2024-09-29 10:11:39.037889
54,Credit,1325.88,2024-09-21 10:11:39.037889
20,Credit,2037.65,2024-10-16 10:11:39.037889
42,Credit,3627.81,2024-10-12 10:11:39.037889
47,Credit,367.11,2024-10-31 10:11:39.037889
94,Credit,2404.01,2024-10-23 10:11:39.037889
25,Credit,34.58,2024-10-29 10:11:39.037889
190,Credit,4369.36,2024-09-20 10:11:39.037889
27,Credit,2152.0,2024-09-15 10:11:39.037889
138,Credit,2043.84,2024-10-11 10:11:39.037889
189,Credit,1462.39,2024-10-24 10:11:39.037889
103,Credit,3143.33,2024-10-15 10:11:39.037889
102,Credit,1738.98,2024-09-07 10:11:39.037889
36,Credit,2313.84,2024-09-08 10:11:39.037889
195,Credit,4624.89,2024-10-16 10:11:39.037889
91,Credit,4237.17,2024-10-05 10:11:39.037889
115,Credit,813.06,2024-11-03 10:11:39.037889
113,Credit,4036.38,2024-09-11 10:11:39.037889
71,Credit,1059.24,2024-10-17 10:11:39.037889
35,Credit,2796.04,2024-09-20 10:11:39.037889
185,Credit,1022.2,2024-09-27 10:11:39.037889
196,Credit,3385.65,2024-10-19 10:11:39.037889
82,Credit,3825.62,2024-09-05 10:11:39.037889
200,Credit,2777.76,2024-10-25 10:11:39.037889
85,Credit,2236.87,2024-09-28 10:11:39.037889
149,Credit,4794.38,2024-10-25 10:11:39.037889
75,Credit,2373.88,2024-10-06 10:11:39.037889
136,Credit,4030.17,2024-10-26 10:11:39.037889
17,Credit,425.25,2024-09-26 10:11:39.037889
25,Credit,1695.54,2024-09-06 10:11:39.037889
114,Credit,2288.76,2024-10-08 10:11:39.037889
61,Credit,3484.42,2024-10-22 10:11:39.037889
132,Credit,2121.59,2024-10-28 10:11:39.037889
20,Credit,408.69,2024-11-03 10:11:39.037889
190,Credit,1840.63,2024-11-01 10:11:39.037889
107,Credit,1628.12,2024-11-01 10:11:39.037889
12,Credit,410.42,2024-11-03 10:11:39.037889
94,Credit,996.17,2024-09-09 10:11:39.037889
18,Credit,1221.5,2024-09-11 10:11:39.037889
28,Credit,1401.07,2024-10-15 10:11:39.037889
123,Credit,1593.43,2024-09-17 10:11:39.037889
58,Credit,1939.46,2024-11-02 10:11:39.037889
148,Credit,2799.65,2024-11-03 10:11:39.037889
140,Credit,998.21,2024-10-14 10:11:39.037889
94,Credit,4580.91,2024-09-19 10:11:39.037889
97,Credit,3050.38,2024-10-13 10:11:39.037889
80,Credit,2014.78,2024-09-13 10:11:39.037889
172,Credit,1884.59,2024-10-29 10:11:39.037889
165,Credit,2232.11,2024-11-03 10:11:39.037889
65,Credit,4476.84,2024-10-15 10:11:39.037889
127,Credit,304.82,2024-10-21 10:11:39.037889
57,Credit,1866.51,2024-10-30 10:11:39.037889
96,Credit,3864.94,2024-10-26 10:11:39.037889
92,Credit,812.02,2024-10-09 10:11:39.037889
2,Credit,2242.22,2024-09-07 10:11:39.037889
68,Credit,3596.25,2024-10-12 10:11:39.037889
31,Credit,4731.81,2024-10-27 10:11:39.037889
142,Credit,995.35,2024-11-03 10:11:39.037889
135,Credit,2499.68,2024-09-16 10:11:39.037889
76,Credit,3246.86,2024-09-30 10:11:39.037889
97,Credit,4323.21,2024-10-16 10:11:39.037889
10,Credit,3397.77,2024-10-28 10:11:39.037889
93,Credit,2654.63,2024-09-26 10:11:39.037889
22,Credit,3699.79,2024-10-03 10:11:39.037889
7,Credit,2182.33,2024-10-21 10:11:39.037889
31,Credit,1065.15,2024-09-12 10:11:39.037889
120,Credit,4148.56,2024-11-02 10:11:39.037889
33,Credit,2404.55,2024-10-25 10:11:39.037889
21,Credit,4010.66,2024-10-09 10:11:39.037889
98,Credit,4858.91,2024-10-26 10:11:39.037889
113,Credit,1456.2,2024-10-21 10:11:39.037889
160,Credit,1514.87,2024-09-22 10:11:39.037889
170,Credit,1806.72,2024-10-14 10:11:39.037889
21,Credit,3970.32,2024-10-06 10:11:39.037889
29,Credit,1601.79,2024-10-13 10:11:39.037889
3,Credit,127.76,2024-10-03 10:11:39.037889
162,Credit,1769.29,2024-10-16 10:11:39.037889
11,Credit,2928.37,2024-09-06 10:11:39.037889
23,Credit,844.41,2024-10-09 10:11:39.037889
162,Credit,2769.45,2024-10-09 10:11:39.037889
70,Credit,2084.73,2024-09-19 10:11:39.037889
12,Credit,1894.67,2024-10-31 10:11:39.037889
48,Credit,1008.78,2024-09-05 10:11:39.037889
27,Credit,2747.66,2024-11-01 10:11:39.037889
172,Credit,3163.57,2024-09-20 10:11:39.037889
163,Credit,418.82,2024-10-22 10:11:39.037889
156,Credit,4204.4,2024-10-18 10:11:39.037889
17,Credit,2452.46,2024-10-22 10:11:39.037889
1,Credit,1252.77,2024-09-29 10:11:39.037889
189,Credit,3195.46,2024-09-05 10:11:39.037889
12,Credit,2439.79,2024-09-12 10:11:39.037889
90,Credit,4993.93,2024-10-26 10:11:39.037889
183,Credit,413.44,2024-10-30 10:11:39.037889
40,Credit,1674.11,2024-11-02 10:11:39.037889
26,Credit,2017.5,2024-11-02 10:11:39.037889
173,Credit,1482.54,2024-10-14 10:11:39.037889
145,Credit,1017.39,2024-10-04 10:11:39.037889
69,Credit,2290.49,2024-10-04 10:11:39.037889
197,Credit,3639.63,2024-09-11 10:11:39.037889
195,Credit,1965.58,2024-09-26 10:11:39.037889
58,Credit,2316.05,2024-10-26 10:11:39.037889
166,Credit,385.55,2024-10-17 10:11:39.037889
137,Credit,1727.35,2024-09-17 10:11:39.037889
17,Credit,1541.07,2024-10-04 10:11:39.037889
85,Credit,1072.81,2024-09-14 10:11:39.037889
170,Credit,4701.15,2024-09-19 10:11:39.037889
150,Credit,4680.58,2024-09-23 10:11:39.037889
48,Credit,986.2,2024-11-02 10:11:39.037889
40,Credit,4248.58,2024-10-17 10:11:39.037889
69,Credit,1003.13,2024-09-25 10:11:39.037889
49,Credit,448.67,2024-10-02 10:11:39.037889
25,Credit,3902.93,2024-10-04 10:11:39.037889
21,Credit,1094.22,2024-09-19 10:11:39.037889
10,Credit,2485.18,2024-10-13 10:11:39.037889
146,Credit,3399.01,2024-10-12 10:11:39.037889
28,Credit,4604.71,2024-09-28 10:11:39.037889
54,Credit,3660.61,2024-10-15 10:11:39.037889
25,Credit,3767.39,2024-09-26 10:11:39.037889
72,Credit,3465.17,2024-09-28 10:11:39.037889
85,Credit,3898.49,2024-09-28 10:11:39.037889
1,Credit,3005.36,2024-10-17 10:11:39.037889
14,Credit,3218.25,2024-10-26 10:11:39.037889
11,Credit,3933.87,2024-09-16 10:11:39.037889
131,Credit,3836.13,2024-09-13 10:11:39.037889
166,Credit,1307.29,2024-10-05 10:11:39.037889
164,Credit,172.61,2024-09-07 10:11:39.037889
19,Credit,3195.19,2024-10-15 10:11:39.037889
153,Credit,1062.05,2024-09-16 10:11:39.037889
83,Credit,652.51,2024-10-19 10:11:39.037889
142,Credit,3296.88,2024-09-27 10:11:39.037889
93,Credit,1508.65,2024-10-01 10:11:39.037889
144,Credit,1276.53,2024-09-24 10:11:39.037889
182,Credit,453.57,2024-09-22 10:11:39.037889
26,Credit,4848.12,2024-10-13 10:11:39.037889
136,Credit,2489.03,2024-10-27 10:11:39.037889
118,Credit,1823.18,2024-10-31 10:11:39.037889
23,Credit,141.14,2024-11-01 10:11:39.037889
59,Credit,1610.33,2024-11-03 10:11:39.037889
118,Credit,3709.99,2024-10-04 10:11:39.037889
37,Credit,1497.59,2024-09-23 10:11:39.037889
54,Credit,156.3,2024-09-27 10:11:39.037889
105,Credit,3977.3,2024-10-20 10:11:39.037889
144,Credit,225.35,2024-09-18 10:11:39.037889
169,Credit,1009.81,2024-10-24 10:11:39.037889
137,Credit,65.75,2024-09-11 10:11:39.037889
4,Credit,4575.03,2024-10-28 10:11:39.037889
94,Credit,2189.49,2024-10-11 10:11:39.037889
176,Credit,4559.17,2024-09-21 10:11:39.037889
78,Credit,1497.6,2024-09-20 10:11:39.037889
95,Credit,992.08,2024-10-13 10:11:39.037889
196,Credit,966.9,2024-10-14 10:11:39.037889
141,Credit,3729.92,2024-10-05 10:11:39.037889
4,Credit,1990.35,2024-10-27 10:11:39.037889
119,Credit,45.87,2024-10-31 10:11:39.037889
69,Credit,2490.9,2024-10-31 10:11:39.037889
8,Credit,1906.52,2024-09-18 10:11:39.037889
199,Credit,463.77,2024-10-31 10:11:39.037889
94,Credit,1815.54,2024-09-29 10:11:39.037889
103,Credit,4695.76,2024-10-29 10:11:39.037889
63,Credit,1693.84,2024-09-25 10:11:39.037889
77,Credit,499.42,2024-09-08 10:11:39.037889
22,Credit,3316.38,2024-10-09 10:11:39.037889
135,Credit,4591.32,2024-10-08 10:11:39.037889
44,Credit,161.97,2024-10-22 10:11:39.037889
82,Credit,2734.23,2024-10-06 10:11:39.037889
19,Credit,2818.73,2024-09-27 10:11:39.037889
194,Credit,3879.1,2024-09-19 10:11:39.037889
101,Credit,1671.71,2024-09-22 10:11:39.037889
30,Credit,1685.42,2024-10-26 10:11:39.037889
153,Credit,3173.51,2024-10-06 10:11:39.037889
10,Credit,4018.16,2024-09-21 10:11:39.037889
54,Credit,4320.38,2024-10-20 10:11:39.037889
18,Credit,4445.23,2024-10-09 10:11:39.037889
47,Credit,3142.41,2024-11-01 10:11:39.037889
11,Credit,266.02,2024-10-18 10:11:39.037889
1,Credit,1609.85,2024-09-07 10:11:39.037889
182,Credit,817.56,2024-10-12 10:11:39.037889
79,Credit,1049.87,2024-10-12 10:11:39.037889
148,Credit,4079.97,2024-10-23 10:11:39.037889
85,Credit,3742.03,2024-10-31 10:11:39.037889
149,Credit,3940.18,2024-10-25 10:11:39.037889
115,Credit,2364.72,2024-09-20 10:11:39.037889
143,Credit,2643.7,2024-10-26 10:11:39.037889
191,Credit,2885.77,2024-10-07 10:11:39.037889
189,Credit,3510.56,2024-09-10 10:11:39.037889
200,Credit,1721.18,2024-10-28 10:11:39.037889
148,Credit,831.87,2024-10-25 10:11:39.037889
57,Credit,1710.88,2024-09-14 10:11:39.037889
109,Credit,3776.84,2024-10-26 10:11:39.037889
3,Credit,3101.67,2024-09-17 10:11:39.037889
181,Credit,3381.51,2024-09-29 10:11:39.037889
114,Credit,1989.47,2024-11-03 10:11:39.037889
46,Credit,4147.07,2024-09-29 10:11:39.037889
137,Credit,912.14,2024-11-01 10:11:39.037889
129,Credit,3633.09,2024-10-07 10:11:39.037889
55,Credit,4488.04,2024-09-11 10:11:39.037889
104,Credit,2258.95,2024-10-18 10:11:39.037889
61,Credit,2330.18,2024-10-25 10:11:39.037889
20,Credit,4951.63,2024-10-31 10:11:39.037889
160,Credit,971.92,2024-10-18 10:11:39.037889
59,Credit,4829.61,2024-10-08 10:11:39.037889
40,Credit,1039.17,2024-09-14 10:11:39.037889
52,Credit,3436.18,2024-09-25 10:11:39.037889
137,Credit,1430.91,2024-10-17 10:11:39.037889
136,Credit,2344.07,2024-09-26 10:11:39.037889
86,Credit,457.2,2024-11-01 10:11:39.037889
110,Credit,629.1,2024-09-28 10:11:39.037889
68,Credit,3048.2,2024-09-14 10:11:39.037889
196,Credit,4800.08,2024-09-28 10:11:39.037889
69,Credit,1677.75,2024-09-28 10:11:39.037889
167,Credit,1471.98,2024-09-23 10:11:39.037889
140,Credit,3077.91,2024-09-28 10:11:39.037889
3,Credit,4111.55,2024-10-16 10:11:39.037889
30,Credit,4300.42,2024-10-24 10:11:39.037889
155,Credit,3423.3,2024-10-13 10:11:39.037889
166,Credit,3209.42,2024-10-26 10:11:39.037889
168,Credit,2201.67,2024-10-13 10:11:39.037889
102,Credit,4485.97,2024-09-30 10:11:39.037889
125,Credit,3756.21,2024-10-03 10:11:39.037889
163,Credit,2488.73,2024-11-01 10:11:39.037889
163,Credit,4390.57,2024-09-20 10:11:39.037889
87,Credit,2259.97,2024-09-11 10:11:39.037889
74,Credit,559.43,2024-10-01 10:11:39.037889
107,Credit,1259.49,2024-09-18 10:11:39.037889
112,Credit,1559.7,2024-10-02 10:11:39.037889
42,Credit,342.4,2024-10-27 10:11:39.037889
199,Credit,4573.78,2024-09-20 10:11:39.037889
38,Credit,1732.18,2024-10-15 10:11:39.037889
174,Credit,2194.47,2024-09-20 10:11:39.037889
14,Credit,1234.19,2024-09-23 10:11:39.037889
196,Credit,3879.46,2024-09-07 10:11:39.037889
195,Credit,2528.19,2024-09-08 10:11:39.037889
83,Credit,2736.73,2024-09-19 10:11:39.037889
104,Credit,438.35,2024-10-12 10:11:39.037889
97,Credit,2950.48,2024-10-24 10:11:39.037889
197,Credit,2956.75,2024-11-03 10:11:39.037889
53,Credit,811.67,2024-09-14 10:11:39.037889
62,Credit,1748.51,2024-09-28 10:11:39.037889
200,Credit,3133.08,2024-09-21 10:11:39.037889
117,Credit,3567.48,2024-10-20 10:11:39.037889
140,Credit,4478.37,2024-10-11 10:11:39.037889
70,Credit,673.57,2024-10-01 10:11:39.037889
96,Credit,2112.83,2024-10-23 10:11:39.037889
114,Credit,970.87,2024-10-19 10:11:39.037889
191,Credit,4964.78,2024-10-07 10:11:39.037889
84,Credit,3190.68,2024-10-30 10:11:39.037889
123,Credit,4856.74,2024-10-20 10:11:39.037889
22,Credit,1370.56,2024-10-14 10:11:39.037889
30,Credit,2640.16,2024-09-25 10:11:39.037889
138,Credit,3121.05,2024-11-02 10:11:39.037889
160,Credit,3550.94,2024-10-26 10:11:39.037889
3,Credit,3122.1,2024-10-24 10:11:39.037889
174,Credit,4094.36,2024-09-17 10:11:39.037889
12,Credit,2986.1,2024-10-19 10:11:39.037889
112,Credit,3925.33,2024-09-19 10:11:39.037889
110,Credit,2161.6,2024-09-11 10:11:39.037889
33,Credit,1916.17,2024-11-02 10:11:39.037889
